dataset,sequence_length,num_data,distribution,base_sequence,notes
synthetic_unimodal_data_length_100_gaussian,100,10000,gaussian,MQKPCKENEGKPKCSVPKREEKRPYGEFERQQTEGNFRQRLLQSLEEFKEDIDYRHFKDEEMTREGDEMERCLEEIRGLRKKFRALHSNHRHSRDRPYPI,
synthetic_unimodal_data_length_100_skewed_gaussian,100,10000,skewed_gaussian,MQKPCKENEGKPKCSVPKREEKRPYGEFERQQTEGNFRQRLLQSLEEFKEDIDYRHFKDEEMTREGDEMERCLEEIRGLRKKFRALHSNHRHSRDRPYPI,
synthetic_unimodal_data_length_100_uniform,100,10000,uniform,MQKPCKENEGKPKCSVPKREEKRPYGEFERQQTEGNFRQRLLQSLEEFKEDIDYRHFKDEEMTREGDEMERCLEEIRGLRKKFRALHSNHRHSRDRPYPI,
synthetic_unimodal_data_length_20_gaussian,20,10000,gaussian,GYSSASKIIFGSGTRLSIRP,
synthetic_unimodal_data_length_20_skewed_gaussian,20,10000,skewed_gaussian,GYSSASKIIFGSGTRLSIRP,
synthetic_unimodal_data_length_20_uniform,20,10000,uniform,GYSSASKIIFGSGTRLSIRP,
synthetic_unimodal_data_length_50_gaussian,50,10000,gaussian,MDILLDLGWHFSNCDEDTFYSPVQNTEGDLLFFDHNLKTDRGHVERSVMD,
synthetic_unimodal_data_length_50_skewed_gaussian,50,10000,skewed_gaussian,MDILLDLGWHFSNCDEDTFYSPVQNTEGDLLFFDHNLKTDRGHVERSVMD,
synthetic_unimodal_data_length_50_uniform,50,10000,uniform,MDILLDLGWHFSNCDEDTFYSPVQNTEGDLLFFDHNLKTDRGHVERSVMD,
gfp,238,1718,skewed_gaussian,SKGEELFTGVVPILVELDGDVNGHKFSVSGEGEGDATYGKLTLKFICTTGKLPVPWPTLVTTLSYGVQCFSRYPDHMKQHDFFKSAMPEGYVQERTIFFKDDGNYKTRAEVKFEGDTLVNRIELKGIDFKEDGNILGHKLEYNYNSHNVYIMADKQKNGIKVNFKIRHNIEDGSVQLADHYQQNTPIGDGPVLLPDNHYLSTQSALSKDPNEKRDHMVLLEFVTAAGITHGMDELYK*,
synthetic_multimodal_data_modes_2_length_50_uniform,50,20000,uniform,"['MVAYWRQAGLSYIRYSQICAKAVRDALKTEFKANAEKTSGSNVKIVKVKKE', 'MSSHKTFTIKRFLAKKQKQNRPIPQWIQMKPGSKIRYNSKRRHWRRTKLGL']",
synthetic_multimodal_data_modes_3_length_50_uniform,50,30000,uniform,"['MVAYWRQAGLSYIRYSQICAKAVRDALKTEFKANAEKTSGSNVKIVKVKKE', 'MSSHKTFTIKRFLAKKQKQNRPIPQWIQMKPGSKIRYNSKRRHWRRTKLGL', 'MTSWPGGSFGPDPLLALLVVILLARLILWSCLGTYIDYRLAQRRPQKPKQD']",
synthetic_multimodal_data_modes_5_length_50_uniform,50,50000,uniform,"['MVAYWRQAGLSYIRYSQICAKAVRDALKTEFKANAEKTSGSNVKIVKVKKE', 'MSSHKTFTIKRFLAKKQKQNRPIPQWIQMKPGSKIRYNSKRRHWRRTKLGL', 'MTSWPGGSFGPDPLLALLVVILLARLILWSCLGTYIDYRLAQRRPQKPKQD', 'MVQECCSQSLYYEELHSYHIVPYASENAIYEMGYTSSHLEQNSQLLIYKMN', 'MSGPLSPVCSCPQLPFMLSPCHMHHHPGHVALSQTVSPASLLTQGLGLPQH']",
