dataset,base_sequence,length,distribution
synthetic_unimodal_data_length_100_gaussian,MQKPCKENEGKPKCSVPKREEKRPYGEFERQQTEGNFRQRLLQSLEEFKEDIDYRHFKDEEMTREGDEMERCLEEIRGLRKKFRALHSNHRHSRDRPYPI,100,gaussian
synthetic_unimodal_data_length_100_skewed_gaussian,MQKPCKENEGKPKCSVPKREEKRPYGEFERQQTEGNFRQRLLQSLEEFKEDIDYRHFKDEEMTREGDEMERCLEEIRGLRKKFRALHSNHRHSRDRPYPI,100,gaussian
synthetic_unimodal_data_length_100_uniform,MQKPCKENEGKPKCSVPKREEKRPYGEFERQQTEGNFRQRLLQSLEEFKEDIDYRHFKDEEMTREGDEMERCLEEIRGLRKKFRALHSNHRHSRDRPYPI,100,uniform
synthetic_unimodal_data_length_20_gaussian,GYSSASKIIFGSGTRLSIRP,20,gaussian
synthetic_unimodal_data_length_20_skewed_gaussian,GYSSASKIIFGSGTRLSIRP,20,gaussian
synthetic_unimodal_data_length_20_uniform,GYSSASKIIFGSGTRLSIRP,20,uniform
synthetic_unimodal_data_length_50_gaussian,MDILLDLGWHFSNCDEDTFYSPVQNTEGDLLFFDHNLKTDRGHVERSVMD,50,gaussian
synthetic_unimodal_data_length_50_skewed_gaussian,MDILLDLGWHFSNCDEDTFYSPVQNTEGDLLFFDHNLKTDRGHVERSVMD,50,gaussian
synthetic_unimodal_data_length_50_uniform,MDILLDLGWHFSNCDEDTFYSPVQNTEGDLLFFDHNLKTDRGHVERSVMD,50,uniform
